scenario,group,discipline,service_distribution,capacity,age_threshold,simulated_time,server_utilization,avg_queue_length,avg_system_length,throughput,mean_wait_A,mean_wait_B,mean_wait_total,mean_sojourn_A,mean_sojourn_B,mean_sojourn_total,p95_wait_total,drop_rate_total,drop_rate_A,drop_rate_B,promoted_fraction_A,completed_A,completed_B,replication
fifo_mm1,disciplinas,fifo,exponential,,2.0,33107.73094952733,0.7514069352721584,2.591997965629146,3.343404900901312,0.7551106428318042,3.408034022180668,3.4777353253005012,3.431506633019303,4.409397978039601,4.4604842140643,4.4266017788832785,12.68267707949235,0.0,0.0,0.0,0.0,16581,8419,1
fifo_mm1,disciplinas,fifo,exponential,,2.0,33446.29719730181,0.7463981633537897,2.1411465658537825,2.887544729207586,0.7474668975319878,2.8721830602171905,2.849110987688288,2.8645369753811125,3.873345957913279,3.8424503919201234,3.8631071673431467,10.214031378044638,0.0,0.0,0.0,0.0,16715,8285,2
fifo_mm1,disciplinas,fifo,exponential,,2.0,33521.0012286546,0.7505003062169405,2.258823590887848,3.009323897104818,0.7458011122480843,3.0192261927826314,3.047341027071387,3.02872113461863,4.013816462629818,4.076606760690186,4.035022002090766,10.584652262639793,0.0,0.0,0.0,0.0,16557,8443,3
fifo_mm1,disciplinas,fifo,exponential,,2.0,33226.38864836711,0.7573525948491949,2.3734986266773035,3.130851221526491,0.7524140003469384,3.1698935735817044,3.124173503055382,3.1545115130538286,4.173771219030251,4.136034803728595,4.161075179466162,11.448501026985468,0.0,0.0,0.0,0.0,16589,8411,4
fifo_mm1,disciplinas,fifo,exponential,,2.0,33365.19591852518,0.743615221334373,2.3074188501520996,3.051034071486487,0.7492837764551947,3.0764717460522233,3.0854683406221604,3.0794992800568988,4.065137398824585,4.085334068101559,4.071933981969672,11.49558744774913,0.0,0.0,0.0,0.0,16587,8413,5
fifo_mm1,disciplinas,fifo,exponential,,2.0,32725.515995023856,0.7554786856749228,2.3912251292661386,3.146703814941111,0.7639298950641886,3.12226546588139,3.145933599238817,3.130163048620096,4.110143458544177,4.136985890077667,4.1191002410982716,11.87631739517201,0.0,0.0,0.0,0.0,16658,8342,6
fifo_mm1,disciplinas,fifo,exponential,,2.0,33329.72924407434,0.7549558398902886,2.275245952336764,3.0302017922270457,0.7500811007771605,3.0350137972980775,3.0295144765926927,3.033197261682675,4.038572764604167,4.041973849823183,4.039696211073713,10.817562570162409,0.0,0.0,0.0,0.0,16742,8258,7
prioridade_estrita,disciplinas,strict_priority,exponential,,2.0,33327.828655171324,0.752677754460522,2.147112035288253,2.899789789748777,0.7501238757155235,3.8115105335832853,0.9886243422867392,2.8623432806217344,4.814737083687171,1.9923804523028537,3.865747889950508,11.885546780882578,0.0,0.0,0.0,0.0,16594,8406,1
prioridade_estrita,disciplinas,strict_priority,exponential,,2.0,33323.492159859416,0.7492489113331825,2.373220180473961,3.122469091807143,0.7502214917953386,4.2500755832249935,0.986540621575276,3.1565302882754063,5.236593204803979,2.0094256399692463,4.155233897179157,13.765431822567734,0.0,0.0,0.0,0.0,16623,8377,2
prioridade_estrita,disciplinas,strict_priority,exponential,,2.0,33489.8854201054,0.7466409065075076,2.1023039455160424,2.848944852023509,0.7464940439895157,3.73300750321355,1.0194612156790903,2.8161544835814065,4.732024134816568,2.021970521465209,3.81635121993741,12.244552437139646,0.0,0.0,0.0,0.0,16553,8447,3
prioridade_estrita,disciplinas,strict_priority,exponential,,2.0,33170.20495545062,0.7573291105184664,2.25706929165198,3.014398402170456,0.7536884391753488,3.983518387993015,1.0500297565612413,2.9946980401099927,4.983722741902916,2.0639582076444385,3.9995285126950684,12.57122778467965,0.0,0.0,0.0,0.0,16573,8427,4
prioridade_estrita,disciplinas,strict_priority,exponential,,2.0,33288.03110123564,0.7437868540645276,2.092394679725295,2.8361815337898375,0.7510206874047294,3.6868005658552656,0.9824725945500081,2.7858266589352056,4.674106502039976,1.9789694931759316,3.7761946561668314,11.941018468955008,0.0,0.0,0.0,0.0,16671,8329,5
prioridade_estrita,disciplinas,strict_priority,exponential,,2.0,33297.25915093789,0.757323857270253,2.355728334575509,3.113052191845769,0.7508125484645429,4.215303043142112,1.058134161845619,3.1375718738227407,5.22036362713678,2.073775263399237,4.146244223291332,13.155072009732976,0.0,0.0,0.0,0.0,16466,8534,6
prioridade_estrita,disciplinas,strict_priority,exponential,,2.0,33608.37784447161,0.7424394063334769,2.187099878210472,2.929539284543961,0.7438621440074163,3.9154103383077254,0.9897251862737539,2.9401039360256807,4.915802014500489,1.9832044782406113,3.938191299812896,12.199332207223051,0.0,0.0,0.0,0.0,16666,8334,7
prioridade_dinamica,disciplinas,dynamic_aging,exponential,,2.0,33310.66750580715,0.758768166245331,2.3631973089677665,3.121965475213138,0.7505103281296202,3.4855227720504898,2.492436834617578,3.148787192385738,4.502021689064019,3.492727325826109,4.1597901563773085,11.294644058103586,0.0,0.0,0.0,0.5146159898323549,16523,8477,1
prioridade_dinamica,disciplinas,dynamic_aging,exponential,,2.0,33192.90829334312,0.757718450644613,2.1980184261228413,2.955736876767476,0.7531729301651395,3.2315354848496676,2.289320116810197,2.918230030669183,4.235402658264075,3.299707163803362,3.9242651924459984,10.478608999190328,0.0,0.0,0.0,0.49820230105465,16687,8313,2
prioridade_dinamica,disciplinas,dynamic_aging,exponential,,2.0,33126.298966626884,0.7595823981491183,2.4096874558799763,3.169269854029095,0.7546873867553472,3.5028043393922736,2.5851022587024475,3.192914700784933,4.512223333530473,3.5858359599503036,4.199400845219921,11.580202656274196,0.0,0.0,0.0,0.5103569056102422,16558,8442,3
prioridade_dinamica,disciplinas,dynamic_aging,exponential,,2.0,33818.40687996083,0.735082238881604,2.1274462725274192,2.862528511409035,0.7392423921309494,3.15355887559593,2.310774164052919,2.8775637382598243,4.147735175837834,3.3055493086435357,3.871936148049045,11.058571469297021,0.0,0.0,0.0,0.47130879467205805,16813,8187,4
prioridade_dinamica,disciplinas,dynamic_aging,exponential,,2.0,33093.85764887211,0.7509694831793909,2.2797190385466437,3.030688521726036,0.7554271933254672,3.290850740716448,2.4593742839390353,3.0149003342411604,4.288211378728101,3.4469074210098762,4.008999421240576,11.141436717931356,0.0,0.0,0.0,0.4853654156940205,16703,8297,5
prioridade_dinamica,disciplinas,dynamic_aging,exponential,,2.0,33888.76558372782,0.7450907992786019,2.0978267778756123,2.842917577154243,0.7377076021914504,3.143417816234074,2.2277348995165647,2.843220328817406,4.158105513533902,3.228149171102548,3.8532286262312065,10.05575092620711,0.0,0.0,0.0,0.48539299101564826,16804,8196,6
prioridade_dinamica,disciplinas,dynamic_aging,exponential,,2.0,33396.27352828815,0.7534655685485188,2.275558159597327,3.0290237281458303,0.748586514564982,3.344474276320436,2.436536002322294,3.0398065090976196,4.351592750833873,3.441864079715401,4.046324197953359,11.329117134080661,0.0,0.0,0.0,0.4896153151526097,16611,8389,7
prioridade_dinamica_T1,sensibilidade_T,dynamic_aging,exponential,,1.0,33388.971876987,0.7437351120426682,2.1125121869407146,2.856247298983393,0.7487502188478882,2.965243000282837,2.532603389446097,2.820758675847799,3.961123411735467,3.5207631701171542,3.8140607054446147,10.36448250561807,0.0,0.0,0.0,0.5915205380735047,16651,8349,1
prioridade_dinamica_T1,sensibilidade_T,dynamic_aging,exponential,,1.0,33418.32304178473,0.7491482133365448,2.3694861674808307,3.1186343808173715,0.7480925948540611,3.330314563560256,2.843008102740969,3.1665601004665427,4.333526865754078,3.840860262643452,4.167971180444783,11.54139618068075,0.0,0.0,0.0,0.6007950370414985,16599,8401,2
prioridade_dinamica_T1,sensibilidade_T,dynamic_aging,exponential,,1.0,33347.996803843496,0.7508559312957347,2.2696908431974885,3.020546774493214,0.7496702169864261,3.2199434323012053,2.6374467775003456,3.0269506406325846,4.2180426032550455,3.646056865169251,4.02853228851246,11.500508759538207,0.0,0.0,0.0,0.6017344497607655,16717,8283,3
prioridade_dinamica_T1,sensibilidade_T,dynamic_aging,exponential,,1.0,33276.900054816004,0.754440613677889,2.212296171202089,2.9667367848800024,0.7512719020947948,3.083679628381497,2.6680528385032938,2.9436134001925423,4.088663473945211,3.6707635398011127,3.947831196138649,10.38405890474678,0.0,0.0,0.0,0.5989143546441495,16575,8425,4
prioridade_dinamica_T1,sensibilidade_T,dynamic_aging,exponential,,1.0,33158.56676253296,0.762573754805063,2.6099707153780796,3.37254447018319,0.7539529732704969,3.615637520870925,3.1513973408995692,3.4614726419060373,4.635956081832231,4.144961955345187,4.472906752308414,12.486691594985132,0.0,0.0,0.0,0.6116167664670659,16698,8302,5
prioridade_dinamica_T1,sensibilidade_T,dynamic_aging,exponential,,1.0,33387.26768993716,0.7495868980632724,2.158482148285385,2.9080690463486225,0.7487884373220196,3.0387781173287483,2.564576022520157,2.882632851550175,4.033682409890094,3.5781940065872444,3.8836991884505316,10.368630094400942,0.0,0.0,0.0,0.5887404580152672,16768,8232,6
prioridade_dinamica_T1,sensibilidade_T,dynamic_aging,exponential,,1.0,33269.35500323232,0.7414396250045302,2.1974178397257655,2.9388574647302925,0.7514422806685341,3.0728078229056854,2.629651912184046,2.924102425503932,4.055112613240947,3.6250212321840642,3.9107911494134995,10.94177701324179,0.0,0.0,0.0,0.581326751745726,16611,8389,7
prioridade_dinamica_T2,sensibilidade_T,dynamic_aging,exponential,,2.0,33237.40035813543,0.7504116493895662,2.2357488600407622,2.9861605094303068,0.752164721988578,3.281199712901101,2.3333665507090458,2.9723956686589292,4.27997640900876,3.3287442316513407,3.9700649656257125,10.544288603043242,0.0,0.0,0.0,0.4925842429995254,16855,8145,1
prioridade_dinamica_T2,sensibilidade_T,dynamic_aging,exponential,,2.0,33559.12560609345,0.7393497736382657,2.1249046981777076,2.8642544718159977,0.7449538552774648,3.1308412322684003,2.299927280550702,2.852285639094559,4.115003639290115,3.308892425291096,3.8447629159090835,10.723074276043917,0.0,0.0,0.0,0.47743953796173744,16619,8381,2
prioridade_dinamica_T2,sensibilidade_T,dynamic_aging,exponential,,2.0,33701.208477684275,0.7405606910422866,2.031998596071431,2.772559287113747,0.7418131612863111,3.069193031754706,2.0870194862769225,2.73922200741599,4.067552191687283,3.085237110417077,3.7375336169837445,10.156203861308313,0.0,0.0,0.0,0.483886512860671,16601,8399,3
prioridade_dinamica_T2,sensibilidade_T,dynamic_aging,exponential,,2.0,33269.96840336474,0.7595151790804738,2.611490995707593,3.3710061747880444,0.7514284262882449,3.7946806199342578,2.8296428315526225,3.475368916514542,4.795937382720686,3.859626255390981,4.486130756909833,12.976071211996896,0.0,0.0,0.0,0.5123146819703491,16728,8272,4
prioridade_dinamica_T2,sensibilidade_T,dynamic_aging,exponential,,2.0,33335.9591483682,0.7578968780923288,2.4815776156596567,3.2394744937519757,0.7499409238154094,3.6082150613434982,2.71351209945887,3.3089548146523278,4.6164779956053215,3.728788428867349,4.319563589322804,12.187345095393539,0.0,0.0,0.0,0.5033355369914058,16638,8362,5
prioridade_dinamica_T2,sensibilidade_T,dynamic_aging,exponential,,2.0,33526.11552308383,0.7597817079187772,2.246773762124774,3.00655547004355,0.7456873428353691,3.31266873457293,2.4067128082557137,3.012978514147195,4.334618964586051,3.41944581477224,4.031879686627642,10.691178548651806,0.0,0.0,0.0,0.4994621085345446,16730,8270,6
prioridade_dinamica_T2,sensibilidade_T,dynamic_aging,exponential,,2.0,33283.94159067913,0.7506530024391167,2.0976352185611993,2.848288221000333,0.7511129633456941,3.124624513244564,2.1266494832569323,2.7922589092574825,4.123112733170858,3.127838302497842,3.7916465367795174,10.195577691167273,0.0,0.0,0.0,0.47772381123703306,16674,8326,7
prioridade_dinamica_T4,sensibilidade_T,dynamic_aging,exponential,,4.0,32978.77487374209,0.7560740020846916,2.337477322962513,3.0935513250472333,0.7580633330289404,3.5779024715355883,2.0923752136737233,3.082568262674128,4.5802529959263705,3.079806255443356,4.0799440347797145,11.392874131120152,0.0,0.0,0.0,0.3514729705405892,16664,8336,1
prioridade_dinamica_T4,sensibilidade_T,dynamic_aging,exponential,,4.0,33512.022228233734,0.7481332989090753,2.1656597029336586,2.913793001842688,0.7460009375064691,3.407716822995721,1.8980762442236858,2.9030137847006543,4.415315963481204,2.8914951060043803,3.905872174409552,10.682702202902874,0.0,0.0,0.0,0.33635762783152073,16642,8358,2
prioridade_dinamica_T4,sensibilidade_T,dynamic_aging,exponential,,4.0,33378.193577405356,0.7485549798692431,2.2406025233969635,2.989157503266205,0.7489920010807058,3.4928114661802376,1.9636516310080525,2.9914305394239817,4.498476615608962,2.950259111251481,3.9908470602802315,10.942557741502242,0.0,0.0,0.0,0.34854796477029276,16803,8197,3
prioridade_dinamica_T4,sensibilidade_T,dynamic_aging,exponential,,4.0,33544.660306435966,0.7444260200381448,2.1196916045134477,2.8641176245515902,0.7452750980818081,3.317020619941481,1.889514199131292,2.844173393112314,4.314811933543911,2.890534002697646,3.843034111730394,10.630338914503227,0.0,0.0,0.0,0.3217297685268258,16719,8281,4
prioridade_dinamica_T4,sensibilidade_T,dynamic_aging,exponential,,4.0,33229.702526701774,0.7591653340356478,2.4803805547105573,3.2395458887461883,0.7523389648135194,3.816319808079614,2.258716194232891,3.2963917217775776,4.817466552243578,3.2836100461846693,4.305465250521114,12.279023120117927,0.0,0.0,0.0,0.3622666426556216,16655,8345,5
prioridade_dinamica_T4,sensibilidade_T,dynamic_aging,exponential,,4.0,33567.191286695546,0.7518823961362476,2.2271614967551936,2.9790438928914456,0.7447748543056929,3.4581814075808546,2.0584665201505223,2.9903407036061402,4.466357669830574,3.0707324975703307,3.99988391225431,11.487853230328255,0.0,0.0,0.0,0.33181135476118956,16644,8356,6
prioridade_dinamica_T4,sensibilidade_T,dynamic_aging,exponential,,4.0,33375.78319413277,0.7561821958347771,2.2569229057969755,3.013105101631726,0.7490460929286845,3.5402875982716906,1.9712671599793246,3.0129084485528606,4.553867049408497,2.9727898153318857,4.022435369490666,10.958771588011587,0.0,0.0,0.0,0.3483944815952768,16597,8403,7
dinamica_servico_exponencial,distribuicoes_servico,dynamic_aging,exponential,,2.0,33436.52437820001,0.7554707882410473,2.3767107597115964,3.1321815479526474,0.7476853669725174,3.4855259415767956,2.5625335523552417,3.1787232713995515,4.497288288604014,3.5702355807734363,4.189135968521129,11.432430260658293,0.0,0.0,0.0,0.5011682942903362,16690,8310,1
dinamica_servico_exponencial,distribuicoes_servico,dynamic_aging,exponential,,2.0,33558.80698353451,0.7375779322389872,2.151222616648937,2.8888005488878923,0.744960928207792,3.176969806917859,2.3189333562157044,2.88733102261884,4.1717079769282455,3.2998998960640527,3.8774204411517283,10.764924976974726,0.0,0.0,0.0,0.48288353559137837,16561,8439,2
dinamica_servico_exponencial,distribuicoes_servico,dynamic_aging,exponential,,2.0,33381.672805304974,0.745191800974619,2.088789230459147,2.8339810314337552,0.7489139368721819,3.0928588820365692,2.1783940715463967,2.78848841451302,4.086348918531483,3.17651071120895,3.7835183696062513,10.174760269947,0.0,0.0,0.0,0.483517142172141,16679,8321,3
dinamica_servico_exponencial,distribuicoes_servico,dynamic_aging,exponential,,2.0,33306.32559272694,0.7492047926569193,2.225170301573887,2.9743750942307647,0.7506081669200765,3.2480038886586526,2.3847422804854044,2.963990819569654,4.24956050700473,3.3758847105288132,3.9621211699641536,10.990897240380946,0.0,0.0,0.0,0.4766360710454166,16775,8225,4
dinamica_servico_exponencial,distribuicoes_servico,dynamic_aging,exponential,,2.0,33374.16435981653,0.7492607096370095,2.098299286994949,2.8475599966319654,0.7490824258689374,3.0972540496230936,2.201192751682424,2.8011237118796615,4.0996753053836805,3.197007698772371,3.801361714750775,10.037953363927045,0.0,0.0,0.0,0.4850657108721625,16738,8262,5
dinamica_servico_exponencial,distribuicoes_servico,dynamic_aging,exponential,,2.0,33612.83042412238,0.7429177611575204,2.2061032681921726,2.949021029349686,0.7437636070676943,3.2629502663727896,2.3824018378129224,2.9661350020738295,4.262886643433606,3.3791531310166407,3.964997751068095,10.715957003965741,0.0,0.0,0.0,0.48766065286912447,16573,8427,6
dinamica_servico_exponencial,distribuicoes_servico,dynamic_aging,exponential,,2.0,32704.671954712983,0.7632772022109074,2.2999510360571715,3.0632282382680627,0.7644167791873331,3.355715803222419,2.323288691471296,3.0087376995051014,4.345282315996932,3.339464069927266,4.007246919857839,10.596327957417543,0.0,0.0,0.0,0.5119585517199832,16598,8402,7
dinamica_servico_deterministico,distribuicoes_servico,dynamic_aging,deterministic,,2.0,33662.545729260506,0.7426651626727456,1.0900156240452115,1.832680786717959,0.7426651626727458,1.730622869739272,0.9356457345854894,1.4677080316012132,2.7306228697392765,1.9356457345854887,2.467708031601216,5.337745715591154,0.0,0.0,0.0,0.33875209180014343,16732,8268,1
dinamica_servico_deterministico,distribuicoes_servico,dynamic_aging,deterministic,,2.0,33301.8717899203,0.7507085534923872,1.1182083464480856,1.8689168999404822,0.7507085534923872,1.7556640346016126,0.9494146553956675,1.4895372395133142,2.7556640346016232,1.9494146553956675,2.4895372395133215,5.32702284820698,0.0,0.0,0.0,0.34810126582278483,16748,8252,2
dinamica_servico_deterministico,distribuicoes_servico,dynamic_aging,deterministic,,2.0,32983.740567577406,0.7579492067850752,1.2505911169257728,2.0085403237108235,0.7579492067850752,1.9345770459670975,1.0925352480521986,1.6499669182718615,2.934577045967077,2.092535248052199,2.649966918271848,5.94476740144637,0.0,0.0,0.0,0.3758308157099698,16550,8450,3
dinamica_servico_deterministico,distribuicoes_servico,dynamic_aging,deterministic,,2.0,33614.391187131136,0.7437290730873315,1.0489484040844756,1.7926774771717933,0.7437290730873314,1.6569885855684545,0.9091483213805833,1.4101115575547545,2.6569885855684374,1.9091483213805833,2.410111557554743,5.066990080191317,0.0,0.0,0.0,0.3198996955042092,16747,8253,4
dinamica_servico_deterministico,distribuicoes_servico,dynamic_aging,deterministic,,2.0,33348.06145022181,0.7496687637246068,1.1462770926834924,1.8959458564080889,0.7496687637246068,1.7988083607471432,0.9988850796705206,1.5287222641244325,2.7988083607471452,1.9988850796705206,2.528722264124434,5.395945141467564,0.0,0.0,0.0,0.35505102348891976,16559,8441,5
dinamica_servico_deterministico,distribuicoes_servico,dynamic_aging,deterministic,,2.0,32845.561078248145,0.7611378578810808,1.264594885016206,2.0257327428972975,0.7611378578810809,1.9683731540528373,1.0628975443902247,1.661453141401598,2.9683731540528338,2.062897544390225,2.6614531414015956,5.865214186056619,0.0,0.0,0.0,0.381520029045141,16526,8474,6
dinamica_servico_deterministico,distribuicoes_servico,dynamic_aging,deterministic,,2.0,33768.27288851203,0.7403399067088505,1.0328886903485914,1.7732285970574304,0.7403399067088504,1.6546471847835114,0.8859564600315669,1.393876543318662,2.6546471847835336,1.8859564600315673,2.3938765433186764,4.943217039486626,0.0,0.0,0.0,0.33089258698941,16519,8481,7
dinamica_servico_erlang2,distribuicoes_servico,dynamic_aging,erlang2,,2.0,32964.8965665365,0.7590513530920933,1.7784611709713507,2.537512524063435,0.7583824796640839,2.6277047890077183,1.7870770259020508,2.345018484830544,3.631949744693282,2.7813214405184414,3.3459004585653664,8.496509822201915,0.0,0.0,0.0,0.4518228382042784,16593,8407,1
dinamica_servico_erlang2,distribuicoes_servico,dynamic_aging,erlang2,,2.0,33581.30330492835,0.7529491060043184,1.6581066541680143,2.4110557601723577,0.7444618743052487,2.5006162667175293,1.6785598584715082,2.227200305334903,3.5040711980994774,2.7059040282607465,3.2386007974111153,7.996722149577181,0.0,0.0,0.0,0.4394702145511207,16685,8315,2
dinamica_servico_erlang2,distribuicoes_servico,dynamic_aging,erlang2,,2.0,33144.922525415765,0.7532409167506237,1.781166524297977,2.534407441048567,0.7542633409636067,2.6475421700125215,1.7811160053739545,2.3606857954239846,3.643243508003727,2.7857068418419684,3.359330268570892,8.776755006609164,0.0,0.0,0.0,0.43851258444431157,16723,8277,3
dinamica_servico_erlang2,distribuicoes_servico,dynamic_aging,erlang2,,2.0,33699.5568600246,0.7410504949966635,1.5700047054074293,2.3110552004040996,0.7418495176016909,2.3742724129234207,1.5992135205215565,2.115960785263727,3.3716429069704317,2.6012420727915373,3.1148837169552896,7.7454740842458705,0.0,0.0,0.0,0.4149721072521145,16668,8332,4
dinamica_servico_erlang2,distribuicoes_servico,dynamic_aging,erlang2,,2.0,32974.49565756542,0.7626112466391359,1.8028639066288719,2.5654751532680073,0.7581617095715666,2.6629725551752825,1.781292550073332,2.37790777592572,3.6687236839808506,2.7874077789127973,3.383776625554247,8.521423199325,0.0,0.0,0.0,0.4557867360208062,16917,8083,5
dinamica_servico_erlang2,distribuicoes_servico,dynamic_aging,erlang2,,2.0,33788.337710775304,0.731789862556582,1.5053015126803384,2.2370913752369095,0.7399002642271848,2.323963708644043,1.45502226397836,2.034362903965864,3.315009657809322,2.4400449630538437,3.023401424341216,7.482418999639776,0.0,0.0,0.0,0.40755848830233954,16668,8332,6
dinamica_servico_erlang2,distribuicoes_servico,dynamic_aging,erlang2,,2.0,33553.974994505246,0.7489558228574066,1.6622276065498534,2.4111834294072385,0.7450682073910458,2.5302258018400496,1.6145030569494903,2.2309676088098147,3.5328222128056823,2.6251208483319486,3.2361854068956664,7.96297621548365,0.0,0.0,0.0,0.4414141414141414,16830,8170,7
dinamica_buffer_infinito,armazenamento,dynamic_aging,exponential,,2.0,32890.145698037435,0.7548032964345927,2.473105483058255,3.227908779492844,0.7601060885994116,3.5574560358637015,2.6484002312832082,3.253540499276351,4.547805757688979,3.646747960701301,4.246564115000059,12.16549742832467,0.0,0.0,0.0,0.495643814216187,16642,8358,1
dinamica_buffer_infinito,armazenamento,dynamic_aging,exponential,,2.0,33147.764017726084,0.7618769334037364,2.354206242902917,3.116083176306612,0.7541986840087015,3.434343322936269,2.5020413233989864,3.1197473362124084,4.445242565460388,3.5108110893836657,4.129928008173059,11.142726358382788,0.0,0.0,0.0,0.5097767048883525,16564,8436,2
dinamica_buffer_infinito,armazenamento,dynamic_aging,exponential,,2.0,33405.42957494782,0.7457568267526811,2.0770033396327268,2.8227601663853745,0.7483813355523674,3.091914252118189,2.141065404551652,2.775205517970727,4.095050863320543,3.1242562821241773,3.7716986042156573,9.98387687101058,0.0,0.0,0.0,0.47852944704330097,16673,8327,3
dinamica_buffer_infinito,armazenamento,dynamic_aging,exponential,,2.0,33131.87949068356,0.7533931862409214,2.355037800886464,3.108430987127368,0.7545602719890918,3.4191994262517427,2.514196682158547,3.1204037202619332,4.4195058912331735,3.5088901874962533,4.118857010487392,11.475463822207757,0.0,0.0,0.0,0.4995820895522388,16746,8254,4
dinamica_buffer_infinito,armazenamento,dynamic_aging,exponential,,2.0,33039.30570566711,0.755136077613318,2.1988728889170983,2.954008966530449,0.7566744962110945,3.2073302586488577,2.297197814255475,2.9054939347902367,4.214669746792351,3.2762758760399993,3.903460803496041,10.43988013544731,0.0,0.0,0.0,0.49362771495243224,16709,8291,5
dinamica_buffer_infinito,armazenamento,dynamic_aging,exponential,,2.0,33532.62125860536,0.7501050296715377,2.09410936516846,2.844214394839992,0.7455426704401863,3.107918711823317,2.2039985296081035,2.8088296019319468,4.114656358996388,3.20886802939521,3.8149491164979503,10.156880826951237,0.0,0.0,0.0,0.4757008787136111,16728,8272,6
dinamica_buffer_infinito,armazenamento,dynamic_aging,exponential,,2.0,33319.78989758894,0.748224296813437,2.219306188914892,2.967530485728315,0.7503048511662143,3.2460688225526924,2.3725352834213704,2.957872637322487,4.244785151634285,3.3667375653466793,3.9550996919662786,10.884997895293054,0.0,0.0,0.0,0.4800023877745941,16752,8248,7
dinamica_buffer_20,armazenamento,dynamic_aging,exponential,20,2.0,33155.36796282631,0.7502619406600027,2.257341095661276,3.0076030363212936,0.7540257139667373,3.3042817044692456,2.379383943094674,2.9934420648264797,4.310628611526776,3.351993410810209,3.9884504932699527,11.237775139003361,0.0012782105052925904,0.001263537906137184,0.00130718954248366,0.4918971022350744,16598,8402,1
dinamica_buffer_20,armazenamento,dynamic_aging,exponential,20,2.0,33484.33296278373,0.7489460336816861,2.171198162927209,2.920144196608887,0.7466178295319883,3.208939427318285,2.3017218338033993,2.907997207197527,4.206971052982892,3.315087804257343,3.911115541715653,10.504901175476789,0.0005596642014791126,0.0004187855219862399,0.0008433734939759036,0.490782858510893,16707,8293,2
dinamica_buffer_20,armazenamento,dynamic_aging,exponential,20,2.0,33421.9934843211,0.748016176133388,2.146648637072613,2.894664813206017,0.7480104384476043,3.1761746017051005,2.26315737237819,2.8698025402321625,4.180335405703388,3.2549414526835467,3.86981021082805,10.429712207457214,0.00039982407740594137,0.0004212046452855166,0.0003574833174451859,0.4848904406453166,16611,8389,3
dinamica_buffer_20,armazenamento,dynamic_aging,exponential,20,2.0,33067.558745026,0.7534312002014748,2.1867201526433213,2.9401513528447896,0.7560279908404332,3.16858140689174,2.3309815159318577,2.892273954861894,4.1674366361827415,3.322894795510657,3.8888391737818337,10.6075616386006,0.0005995683108162124,0.0005368647100930566,0.000726920281075842,0.4805132796180245,16753,8247,4
dinamica_buffer_20,armazenamento,dynamic_aging,exponential,20,2.0,33206.79691853973,0.7546747950410928,2.4403513669368238,3.195026161977911,0.7528579182547479,3.529924833291386,2.6763482466500093,3.2414500900700665,4.52557029617655,3.692019284909882,4.243863396408867,12.103202741188397,0.000999000999000999,0.0010863661053775121,0.0008278145695364238,0.5064346565162225,16551,8449,5
dinamica_buffer_20,armazenamento,dynamic_aging,exponential,20,2.0,33639.05900888042,0.7446658295808863,2.166398809908435,2.9110646394893345,0.7431836899302153,3.206818050103822,2.3256930532059643,2.9150246961311272,4.209657429917831,3.3259805895386414,3.9170190074578586,11.055001627624733,0.00023994241382068303,0.0001793829227457546,0.0003622313450857281,0.4729382213982417,16721,8279,6
dinamica_buffer_20,armazenamento,dynamic_aging,exponential,20,2.0,33427.17155738547,0.7568471996484033,2.1643251285328855,2.9211723281812594,0.7478945670614614,3.207685140706435,2.2644177564957935,2.8937657552411338,4.216098606294488,3.2835192684387335,3.905736202656093,10.291312547578855,0.00039982407740594137,0.0003595828838547285,0.00048048048048048047,0.4883693045563549,16680,8320,7
dinamica_buffer_10,armazenamento,dynamic_aging,exponential,10,2.0,34196.2358183893,0.7317273738890212,1.6908179455039256,2.4225453193929436,0.7310746168897352,2.568707858200558,1.8054814959766494,2.312782794419637,3.5703604804407516,2.8048683751982084,3.3136756677108217,8.238755137863336,0.012364699375839457,0.012713878326996197,0.011671775524640415,0.44090744975327956,16617,8383,1
dinamica_buffer_10,armazenamento,dynamic_aging,exponential,10,2.0,33459.31593441656,0.7576529729434077,1.931909262931673,2.6895622358750573,0.7471760644778983,2.8875394554387097,1.9983079148010994,2.585414147191675,3.902328960253662,3.010838480363573,3.5994361548062055,8.839873359193007,0.01570804299043345,0.016855270994639668,0.013471141563116943,0.4847034591385473,16506,8494,2
dinamica_buffer_10,armazenamento,dynamic_aging,exponential,10,2.0,33738.51673213001,0.7435588196550241,1.8159195394639687,2.5594783591189727,0.740992859837015,2.7438489488493847,1.8741460797938172,2.4506199295186093,3.7403349887646846,2.891325046553427,3.4540827966487373,8.539462807395466,0.015669908264104887,0.015972923223086515,0.01507361533068474,0.46620806179097274,16571,8429,3
dinamica_buffer_10,armazenamento,dynamic_aging,exponential,10,2.0,33557.36959342999,0.7427553672675272,1.815371559084733,2.5581269263522977,0.744992837725118,2.7464395520307474,1.8179186790146276,2.436647847957649,3.735673258703776,2.830419824852579,3.433644503033663,8.38746723582517,0.015862394709911045,0.016004252052205754,0.015578897674967543,0.4700516144520466,16659,8341,4
dinamica_buffer_10,armazenamento,dynamic_aging,exponential,10,2.0,34012.87538241041,0.7337948138068581,1.732351373955257,2.4661461877621336,0.7350157762001099,2.6229485483771593,1.8276995875281103,2.3568900560355015,3.621050920510202,2.8265088289755647,3.355228918366374,8.266345434622053,0.013028030003947888,0.01182061182061182,0.015420835785756327,0.45233229141620585,16636,8364,5
dinamica_buffer_10,armazenamento,dynamic_aging,exponential,10,2.0,33752.656998580176,0.738640758051894,1.7327725757394599,2.471413333791364,0.7406824298617924,2.6095325027780807,1.8000582563177971,2.3394271362192134,3.605315436957648,2.8002184138499544,3.3366706622870725,8.289101967751776,0.014584154513204573,0.014319526627218936,0.015112160566706022,0.45119462120302556,16658,8342,6
dinamica_buffer_10,armazenamento,dynamic_aging,exponential,10,2.0,33784.951077747464,0.7378266982374925,1.7569986161787,2.494825314416183,0.7399744324764261,2.658333136410479,1.7982955558180849,2.374348727298871,3.656263841393023,2.7937030965664027,3.371446283451273,8.184010167792621,0.013728352203242731,0.01412928293889085,0.012914026067200766,0.4561089215335005,16745,8255,7
